DATE, PROCESS, CPU, CPU%, DISC Writes (kB_wr/s), MEM%, TOTAL MEM, FREE MEM, BUFFERS, CACHED
Wed 03 Mar 2021 10:32:20 AM -03, brave, 0.17, 1, 0.00, 0.73, 20334232, 14978072, 276220, 2252580
Wed 03 Mar 2021 10:32:25 AM -03, brave, 0.17, 1, 0.00, 0.73, 20334232, 14979624, 276284, 2274628
Wed 03 Mar 2021 10:32:30 AM -03, brave, 0.17, 1, 0.00, 0.73, 20334232, 15066104, 276356, 2261044
Wed 03 Mar 2021 10:32:35 AM -03, brave, 0.17, 1, 0.00, 0.73, 20334232, 15171724, 276468, 2262652
Wed 03 Mar 2021 10:32:40 AM -03, brave, 0.17, 1, 0.00, 0.73, 20334232, 15014040, 276564, 2379464
Wed 03 Mar 2021 10:32:45 AM -03, brave, 0.17, 3, 0.00, 0.73, 20334232, 14994540, 276644, 2384176
Wed 03 Mar 2021 10:32:50 AM -03, brave, 0.17, 1, 0.00, 0.73, 20334232, 14975348, 276732, 2398984
Wed 03 Mar 2021 10:32:55 AM -03, brave, 0.17, 3, 0.00, 0.73, 20334232, 14980024, 276868, 2394488
Wed 03 Mar 2021 10:33:00 AM -03, brave, 0.17, 2, 0.00, 0.73, 20334232, 15227896, 277000, 2216012
Wed 03 Mar 2021 10:33:05 AM -03, brave, 0.17, 2, 0.00, 0.73, 20334232, 15233452, 277048, 2211248
Wed 03 Mar 2021 10:33:11 AM -03, brave, 0.17, 2, 0.00, 0.73, 20334232, 15211016, 277096, 2225072
Wed 03 Mar 2021 10:33:16 AM -03, brave, 0.17, 2, 0.00, 0.73, 20334232, 15233832, 277128, 2204320
Wed 03 Mar 2021 10:33:21 AM -03, brave, 0.17, 2, 0.00, 0.74, 20334232, 15220908, 277168, 2214620
Wed 03 Mar 2021 10:33:26 AM -03, brave, 0.17, 3, 0.00, 0.74, 20334232, 15226040, 277192, 2210680
Wed 03 Mar 2021 10:33:31 AM -03, brave, 0.17, 3, 0.00, 0.74, 20334232, 15231040, 277208, 2206216
Wed 03 Mar 2021 10:33:36 AM -03, brave, 0.17, 3, 0.00, 0.74, 20334232, 15220000, 277336, 2207536
Wed 03 Mar 2021 10:33:41 AM -03, brave, 0.17, 1, 0.00, 0.73, 20334232, 15222308, 277376, 2204224
Wed 03 Mar 2021 10:33:46 AM -03, brave, 0.17, 0, 0.00, 0.73, 20334232, 15223804, 277488, 2199596
Wed 03 Mar 2021 10:33:51 AM -03, brave, 0.17, 3, 0.00, 0.73, 20334232, 15221780, 277608, 2203764
Wed 03 Mar 2021 10:33:56 AM -03, brave, 0.17, 2, 0.00, 0.73, 20334232, 15221536, 277656, 2202200
Wed 03 Mar 2021 10:34:01 AM -03, brave, 0.17, 3, 0.00, 0.73, 20334232, 15193604, 277664, 2228028
Wed 03 Mar 2021 10:34:06 AM -03, brave, 0.17, 2, 0.00, 0.73, 20334232, 15211000, 277744, 2212284
Wed 03 Mar 2021 10:34:11 AM -03, brave, 0.17, 1, 0.00, 0.74, 20334232, 15198776, 277776, 2217540
Wed 03 Mar 2021 10:34:17 AM -03, brave, 0.17, 2, 0.00, 0.74, 20334232, 15208532, 277840, 2207480
Wed 03 Mar 2021 10:34:22 AM -03, brave, 0.17, 0, 0.00, 0.74, 20334232, 15226360, 277856, 2208832
Wed 03 Mar 2021 10:34:27 AM -03, brave, 0.17, 1, 0.00, 0.74, 20334232, 15231832, 277912, 2203976
Wed 03 Mar 2021 10:34:32 AM -03, brave, 0.17, 1, 0.00, 0.74, 20334232, 15220192, 277944, 2220292
Wed 03 Mar 2021 10:34:37 AM -03, brave, 0.17, 0, 0.00, 0.74, 20334232, 15201196, 278024, 2235584
Wed 03 Mar 2021 10:34:42 AM -03, brave, 0.17, 0, 0.00, 0.74, 20334232, 15203816, 278032, 2231972
Wed 03 Mar 2021 10:34:47 AM -03, brave, 0.18, 2, 0.00, 0.74, 20334232, 15223256, 278120, 2232388
Wed 03 Mar 2021 10:34:52 AM -03, brave, 0.18, 0, 0.00, 0.74, 20334232, 15374184, 278272, 2163364
Wed 03 Mar 2021 10:34:57 AM -03, brave, 0.18, 1, 0.00, 0.75, 20334232, 15520008, 278368, 2024068
Wed 03 Mar 2021 10:35:02 AM -03, brave, 0.18, 1, 0.00, 0.75, 20334232, 15525524, 278400, 2017196
Wed 03 Mar 2021 10:35:07 AM -03, brave, 0.18, 1, 0.00, 0.75, 20334232, 15554368, 278448, 2005520
Wed 03 Mar 2021 10:35:12 AM -03, brave, 0.18, 1, 0.00, 0.75, 20334232, 15552160, 278480, 2002464
Wed 03 Mar 2021 10:35:17 AM -03, brave, 0.18, 1, 0.00, 0.75, 20334232, 15555460, 278560, 2003472
Wed 03 Mar 2021 10:35:22 AM -03, brave, 0.18, 1, 0.00, 0.75, 20334232, 15555136, 278600, 2002516
Wed 03 Mar 2021 10:35:27 AM -03, brave, 0.18, 1, 0.00, 0.74, 20334232, 15557556, 278640, 2002516
Wed 03 Mar 2021 10:35:32 AM -03, brave, 0.18, 1, 0.00, 0.74, 20334232, 15557776, 278688, 2002588
Wed 03 Mar 2021 10:35:37 AM -03, brave, 0.18, 1, 0.00, 0.74, 20334232, 15548372, 278736, 2006472
Wed 03 Mar 2021 10:35:42 AM -03, brave, 0.18, 1, 0.00, 0.74, 20334232, 15544764, 278792, 2006728
Wed 03 Mar 2021 10:35:47 AM -03, brave, 0.18, 1, 0.00, 0.74, 20334232, 15551128, 278840, 2002632
Wed 03 Mar 2021 10:35:52 AM -03, brave, 0.18, 1, 0.00, 0.74, 20334232, 15551836, 278880, 2002500
Wed 03 Mar 2021 10:35:57 AM -03, brave, 0.18, 1, 0.00, 0.74, 20334232, 15554916, 278904, 2002504
Wed 03 Mar 2021 10:36:02 AM -03, brave, 0.18, 1, 0.00, 0.74, 20334232, 15551188, 278968, 2006712
Wed 03 Mar 2021 10:36:07 AM -03, brave, 0.18, 1, 0.00, 0.74, 20334232, 15556156, 279000, 2002508
Wed 03 Mar 2021 10:36:12 AM -03, brave, 0.17, 1, 0.00, 0.74, 20334232, 15547880, 279096, 2003392
Wed 03 Mar 2021 10:36:17 AM -03, brave, 0.17, 1, 0.00, 0.74, 20334232, 15555944, 279136, 2003356
Wed 03 Mar 2021 10:36:22 AM -03, brave, 0.17, 1, 0.00, 0.74, 20334232, 15552684, 279208, 2003356
Wed 03 Mar 2021 10:36:27 AM -03, brave, 0.17, 1, 0.00, 0.74, 20334232, 15554020, 279224, 2002248
Wed 03 Mar 2021 10:36:32 AM -03, brave, 0.17, 1, 0.00, 0.74, 20334232, 15551264, 279312, 2006404
Wed 03 Mar 2021 10:36:37 AM -03, brave, 0.17, 1, 0.00, 0.74, 20334232, 15551608, 279376, 2006252
Wed 03 Mar 2021 10:36:42 AM -03, brave, 0.17, 1, 0.00, 0.74, 20334232, 15551160, 279400, 2002548
Wed 03 Mar 2021 10:36:48 AM -03, brave, 0.17, 1, 0.00, 0.74, 20334232, 15554964, 279424, 2002352
Wed 03 Mar 2021 10:36:53 AM -03, brave, 0.17, 1, 0.00, 0.74, 20334232, 15554656, 279504, 2002556
Wed 03 Mar 2021 10:36:58 AM -03, brave, 0.17, 1, 0.00, 0.74, 20334232, 15554908, 279512, 2002220
Wed 03 Mar 2021 10:37:03 AM -03, brave, 0.17, 1, 0.00, 0.74, 20334232, 15553600, 279568, 2003196
Wed 03 Mar 2021 10:37:08 AM -03, brave, 0.17, 1, 0.00, 0.74, 20334232, 15558152, 279568, 2002424
Wed 03 Mar 2021 10:37:13 AM -03, brave, 0.17, 1, 0.00, 0.74, 20334232, 15553048, 279632, 2002408
Wed 03 Mar 2021 10:37:18 AM -03, brave, 0.17, 1, 0.00, 0.74, 20334232, 15557128, 279632, 2002080
Wed 03 Mar 2021 10:37:23 AM -03, brave, 0.17, 1, 0.00, 0.74, 20334232, 15557216, 279704, 2002412
Wed 03 Mar 2021 10:37:28 AM -03, brave, 0.17, 1, 0.00, 0.74, 20334232, 15557948, 279728, 2002012
Wed 03 Mar 2021 10:37:33 AM -03, brave, 0.17, 1, 0.00, 0.74, 20334232, 15554836, 279752, 2002432
Wed 03 Mar 2021 10:37:38 AM -03, brave, 0.17, 1, 0.00, 0.73, 20334232, 15550644, 279792, 2002300
Wed 03 Mar 2021 10:37:43 AM -03, brave, 0.17, 1, 0.00, 0.73, 20334232, 15550696, 279824, 2002308
Wed 03 Mar 2021 10:37:48 AM -03, brave, 0.17, 1, 0.00, 0.73, 20334232, 15549308, 279848, 2002176
Wed 03 Mar 2021 10:37:53 AM -03, brave, 0.17, 1, 0.00, 0.73, 20334232, 15550964, 279912, 2002384
Wed 03 Mar 2021 10:37:58 AM -03, brave, 0.17, 1, 0.00, 0.73, 20334232, 15551900, 279936, 2001980
Wed 03 Mar 2021 10:38:03 AM -03, brave, 0.17, 1, 0.00, 0.73, 20334232, 15548024, 279976, 2002744
Wed 03 Mar 2021 10:38:08 AM -03, brave, 0.17, 1, 0.00, 0.73, 20334232, 15554064, 280000, 2002104
Wed 03 Mar 2021 10:38:13 AM -03, brave, 0.17, 1, 0.00, 0.73, 20334232, 15551488, 280024, 2002456
Wed 03 Mar 2021 10:38:18 AM -03, brave, 0.17, 1, 0.00, 0.73, 20334232, 15553644, 280064, 2002228
Wed 03 Mar 2021 10:38:23 AM -03, brave, 0.17, 1, 0.00, 0.73, 20334232, 15553048, 280112, 2002336
Wed 03 Mar 2021 10:38:28 AM -03, brave, 0.17, 1, 0.00, 0.73, 20334232, 15555428, 280136, 2002136
Wed 03 Mar 2021 10:38:33 AM -03, brave, 0.17, 1, 0.00, 0.73, 20334232, 15550372, 280168, 2002212
Wed 03 Mar 2021 10:38:38 AM -03, brave, 0.17, 1, 0.00, 0.73, 20334232, 15552024, 280192, 2002500
Wed 03 Mar 2021 10:38:43 AM -03, brave, 0.17, 1, 0.00, 0.73, 20334232, 15549236, 280224, 2002552
Wed 03 Mar 2021 10:38:48 AM -03, brave, 0.17, 1, 0.00, 0.73, 20334232, 15553064, 280264, 2002160
Wed 03 Mar 2021 10:38:53 AM -03, brave, 0.17, 1, 0.00, 0.73, 20334232, 15550340, 280336, 2002228
Wed 03 Mar 2021 10:38:58 AM -03, brave, 0.17, 1, 0.00, 0.73, 20334232, 15551268, 280352, 2002164
Wed 03 Mar 2021 10:39:03 AM -03, brave, 0.17, 1, 0.00, 0.73, 20334232, 15553236, 280384, 2003076
Wed 03 Mar 2021 10:39:08 AM -03, brave, 0.17, 1, 0.00, 0.73, 20334232, 15553300, 280416, 2002236
Wed 03 Mar 2021 10:39:13 AM -03, brave, 0.17, 1, 0.00, 0.73, 20334232, 15553936, 280440, 2002236
Wed 03 Mar 2021 10:39:18 AM -03, brave, 0.17, 1, 0.00, 0.73, 20334232, 15553844, 280472, 2002528
Wed 03 Mar 2021 10:39:23 AM -03, brave, 0.17, 1, 0.00, 0.73, 20334232, 15551560, 280520, 2002492
Wed 03 Mar 2021 10:39:28 AM -03, brave, 0.17, 1, 0.00, 0.73, 20334232, 15553756, 280544, 2002200
Wed 03 Mar 2021 10:39:33 AM -03, brave, 0.17, 1, 0.00, 0.73, 20334232, 15554544, 280592, 2002248
Wed 03 Mar 2021 10:39:38 AM -03, brave, 0.17, 1, 0.00, 0.73, 20334232, 15549504, 280608, 2002456
Wed 03 Mar 2021 10:39:43 AM -03, brave, 0.17, 1, 0.00, 0.73, 20334232, 15553300, 280640, 2002476
Wed 03 Mar 2021 10:39:48 AM -03, brave, 0.17, 1, 0.00, 0.73, 20334232, 15551228, 280656, 2002344
Wed 03 Mar 2021 10:39:53 AM -03, brave, 0.17, 1, 0.00, 0.72, 20334232, 15552308, 280704, 2002216
Wed 03 Mar 2021 10:39:58 AM -03, brave, 0.17, 1, 0.00, 0.72, 20334232, 15552324, 280760, 2002532
Wed 03 Mar 2021 10:40:03 AM -03, brave, 0.17, 1, 0.00, 0.72, 20334232, 15552984, 280792, 2002800
Wed 03 Mar 2021 10:40:08 AM -03, brave, 0.17, 1, 0.00, 0.72, 20334232, 15555112, 280832, 2002276
Wed 03 Mar 2021 10:40:13 AM -03, brave, 0.17, 1, 0.00, 0.72, 20334232, 15551748, 280856, 2002288
Wed 03 Mar 2021 10:40:18 AM -03, brave, 0.17, 1, 0.00, 0.72, 20334232, 15550236, 280880, 2001784
Wed 03 Mar 2021 10:40:23 AM -03, brave, 0.17, 1, 0.00, 0.72, 20334232, 15551252, 280920, 2002556
Wed 03 Mar 2021 10:40:28 AM -03, brave, 0.17, 1, 0.00, 0.72, 20334232, 15551228, 280968, 2002292
Wed 03 Mar 2021 10:40:33 AM -03, brave, 0.17, 1, 0.00, 0.72, 20334232, 15554212, 280992, 2002296
Wed 03 Mar 2021 10:40:38 AM -03, brave, 0.17, 1, 0.00, 0.72, 20334232, 15550812, 281024, 2002500
Wed 03 Mar 2021 10:40:43 AM -03, brave, 0.17, 1, 0.00, 0.72, 20334232, 15551720, 281088, 2002504
Wed 03 Mar 2021 10:40:48 AM -03, brave, 0.17, 1, 0.00, 0.72, 20334232, 15547792, 281112, 2002580
Wed 03 Mar 2021 10:40:53 AM -03, brave, 0.17, 1, 0.00, 0.72, 20334232, 15549076, 281160, 2002584
Wed 03 Mar 2021 10:40:58 AM -03, brave, 0.17, 1, 0.00, 0.72, 20334232, 15551204, 281208, 2002312
Wed 03 Mar 2021 10:41:03 AM -03, brave, 0.17, 1, 0.00, 0.72, 20334232, 15549752, 281240, 2003024
Wed 03 Mar 2021 10:41:08 AM -03, brave, 0.17, 1, 0.00, 0.72, 20334232, 15547116, 281264, 2002588
Wed 03 Mar 2021 10:41:13 AM -03, brave, 0.17, 1, 0.00, 0.72, 20334232, 15550220, 281296, 2002600
Wed 03 Mar 2021 10:41:18 AM -03, brave, 0.17, 1, 0.00, 0.72, 20334232, 15548052, 281328, 2002468
Wed 03 Mar 2021 10:41:23 AM -03, brave, 0.17, 1, 0.00, 0.72, 20334232, 15550244, 281360, 2002468
Wed 03 Mar 2021 10:41:29 AM -03, brave, 0.17, 1, 0.00, 0.72, 20334232, 15547368, 281408, 2002420
Wed 03 Mar 2021 10:41:34 AM -03, brave, 0.17, 1, 0.00, 0.72, 20334232, 15549708, 281440, 2002576
Wed 03 Mar 2021 10:41:39 AM -03, brave, 0.17, 1, 0.00, 0.72, 20334232, 15548156, 281464, 2002424
Wed 03 Mar 2021 10:41:44 AM -03, brave, 0.17, 1, 0.00, 0.72, 20334232, 15546660, 281512, 2002432
Wed 03 Mar 2021 10:41:49 AM -03, brave, 0.17, 3, 0.00, 0.72, 20334232, 15549652, 281536, 2002500
Wed 03 Mar 2021 10:41:54 AM -03, brave, 0.17, 3, 0.00, 0.72, 20334232, 15551440, 281584, 2002492
Wed 03 Mar 2021 10:41:59 AM -03, brave, 0.17, 3, 0.00, 0.72, 20334232, 15549856, 281624, 2002640
Wed 03 Mar 2021 10:42:04 AM -03, brave, 0.17, 3, 0.00, 0.72, 20334232, 15547360, 281656, 2003288
Wed 03 Mar 2021 10:42:09 AM -03, brave, 0.17, 3, 0.00, 0.71, 20334232, 15547124, 281712, 2002508
Wed 03 Mar 2021 10:42:14 AM -03, brave, 0.17, 3, 0.00, 0.71, 20334232, 15549244, 281760, 2002528
Wed 03 Mar 2021 10:42:19 AM -03, brave, 0.17, 3, 0.00, 0.71, 20334232, 15547748, 281784, 2002476
Wed 03 Mar 2021 10:42:24 AM -03, brave, 0.17, 3, 0.00, 0.71, 20334232, 15550188, 281816, 2002412
Wed 03 Mar 2021 10:42:29 AM -03, brave, 0.17, 3, 0.00, 0.71, 20334232, 15545904, 281860, 2002588
Wed 03 Mar 2021 10:42:34 AM -03, brave, 0.17, 3, 0.00, 0.71, 20334232, 15546060, 281892, 2002612
Wed 03 Mar 2021 10:42:39 AM -03, brave, 0.17, 3, 0.00, 0.71, 20334232, 15547256, 281932, 2002472
Wed 03 Mar 2021 10:42:44 AM -03, brave, 0.17, 3, 0.00, 0.71, 20334232, 15547116, 281972, 2002476
Wed 03 Mar 2021 10:42:49 AM -03, brave, 0.17, 1, 0.00, 0.71, 20334232, 15544664, 281996, 2002652
Wed 03 Mar 2021 10:42:54 AM -03, brave, 0.17, 1, 0.00, 0.71, 20334232, 15548444, 282036, 2002652
Wed 03 Mar 2021 10:42:59 AM -03, brave, 0.17, 1, 0.00, 0.71, 20334232, 15545664, 282084, 2002556
Wed 03 Mar 2021 10:43:04 AM -03, brave, 0.17, 1, 0.00, 0.71, 20334232, 15544484, 282084, 2003132
Wed 03 Mar 2021 10:43:09 AM -03, brave, 0.17, 1, 0.00, 0.71, 20334232, 15544012, 282116, 2002424
Wed 03 Mar 2021 10:43:14 AM -03, brave, 0.17, 1, 0.00, 0.71, 20334232, 15544144, 282140, 2002432
Wed 03 Mar 2021 10:43:19 AM -03, brave, 0.17, 1, 0.00, 0.71, 20334232, 15545640, 282188, 2002448
Wed 03 Mar 2021 10:43:24 AM -03, brave, 0.17, 1, 0.00, 0.71, 20334232, 15549256, 282220, 2002448
Wed 03 Mar 2021 10:43:29 AM -03, brave, 0.17, 1, 0.00, 0.71, 20334232, 15547264, 282260, 2002456
Wed 03 Mar 2021 10:43:34 AM -03, brave, 0.17, 1, 0.00, 0.71, 20334232, 15545224, 282284, 2002468
Wed 03 Mar 2021 10:43:39 AM -03, brave, 0.17, 1, 0.00, 0.71, 20334232, 15542752, 282316, 2002408
Wed 03 Mar 2021 10:43:44 AM -03, brave, 0.17, 1, 0.00, 0.71, 20334232, 15547280, 282340, 2002480
Wed 03 Mar 2021 10:43:49 AM -03, brave, 0.17, 0, 0.00, 0.71, 20334232, 15546792, 282396, 2002472
Wed 03 Mar 2021 10:43:54 AM -03, brave, 0.17, 0, 0.00, 0.71, 20334232, 15547540, 282468, 2002444
Wed 03 Mar 2021 10:43:59 AM -03, brave, 0.17, 0, 0.00, 0.71, 20334232, 15544192, 282512, 2002720
Wed 03 Mar 2021 10:44:04 AM -03, brave, 0.17, 0, 0.00, 0.71, 20334232, 15546680, 282560, 2002792
Wed 03 Mar 2021 10:44:09 AM -03, brave, 0.17, 0, 0.00, 0.71, 20334232, 15544168, 282584, 2002568
Wed 03 Mar 2021 10:44:14 AM -03, brave, 0.17, 0, 0.00, 0.71, 20334232, 15545632, 282616, 2002676
Wed 03 Mar 2021 10:44:19 AM -03, brave, 0.17, 0, 0.00, 0.71, 20334232, 15549460, 282640, 2002716
Wed 03 Mar 2021 10:44:24 AM -03, brave, 0.17, 0, 0.00, 0.71, 20334232, 15544468, 282664, 2002720
Wed 03 Mar 2021 10:44:29 AM -03, brave, 0.17, 0, 0.00, 0.70, 20334232, 15544836, 282704, 2002480
Wed 03 Mar 2021 10:44:34 AM -03, brave, 0.17, 0, 0.00, 0.70, 20334232, 15547292, 282768, 2002420
Wed 03 Mar 2021 10:44:39 AM -03, brave, 0.17, 0, 0.00, 0.70, 20334232, 15543552, 282816, 2002424
Wed 03 Mar 2021 10:44:44 AM -03, brave, 0.17, 0, 0.00, 0.70, 20334232, 15545396, 282848, 2002620
Wed 03 Mar 2021 10:44:49 AM -03, brave, 0.17, 1, 0.00, 0.70, 20334232, 15543284, 282872, 2002708
Wed 03 Mar 2021 10:44:54 AM -03, brave, 0.17, 1, 0.00, 0.70, 20334232, 15545468, 282912, 2002364
Wed 03 Mar 2021 10:44:59 AM -03, brave, 0.17, 1, 0.00, 0.70, 20334232, 15542544, 282936, 2002500
Wed 03 Mar 2021 10:45:04 AM -03, brave, 0.17, 1, 0.00, 0.70, 20334232, 15542536, 282992, 2003072
Wed 03 Mar 2021 10:45:09 AM -03, brave, 0.17, 1, 0.00, 0.70, 20334232, 15510564, 283032, 2033144
Wed 03 Mar 2021 10:45:14 AM -03, brave, 0.17, 1, 0.00, 0.70, 20334232, 15510784, 283056, 2033060
Wed 03 Mar 2021 10:45:19 AM -03, brave, 0.17, 1, 0.00, 0.70, 20334232, 15513124, 283080, 2033048
Wed 03 Mar 2021 10:45:24 AM -03, brave, 0.17, 1, 0.00, 0.70, 20334232, 15495420, 283080, 2047892
Wed 03 Mar 2021 10:45:29 AM -03, brave, 0.17, 1, 0.00, 0.70, 20334232, 15496224, 283136, 2048944
Wed 03 Mar 2021 10:45:34 AM -03, brave, 0.17, 1, 0.00, 0.70, 20334232, 15499808, 283168, 2049476
Wed 03 Mar 2021 10:45:39 AM -03, brave, 0.17, 1, 0.00, 0.70, 20334232, 15539324, 283208, 2002456
Wed 03 Mar 2021 10:45:44 AM -03, brave, 0.17, 1, 0.00, 0.70, 20334232, 15543332, 283232, 2002384
Wed 03 Mar 2021 10:45:49 AM -03, brave, 0.16, 3, 0.00, 0.70, 20334232, 15543324, 283280, 2002456
Wed 03 Mar 2021 10:45:54 AM -03, brave, 0.16, 3, 0.00, 0.70, 20334232, 15542924, 283328, 2002460
Wed 03 Mar 2021 10:46:00 AM -03, brave, 0.16, 3, 0.00, 0.70, 20334232, 15543732, 283352, 2002524
Wed 03 Mar 2021 10:46:05 AM -03, brave, 0.16, 3, 0.00, 0.70, 20334232, 15541932, 283376, 2003344
Wed 03 Mar 2021 10:46:10 AM -03, brave, 0.16, 3, 0.00, 0.70, 20334232, 15540536, 283424, 2002684
Wed 03 Mar 2021 10:46:15 AM -03, brave, 0.16, 3, 0.00, 0.70, 20334232, 15544372, 283464, 2002688
Wed 03 Mar 2021 10:46:20 AM -03, brave, 0.16, 3, 0.00, 0.70, 20334232, 15543308, 283496, 2002552
Wed 03 Mar 2021 10:46:25 AM -03, brave, 0.16, 3, 0.00, 0.70, 20334232, 15541276, 283536, 2002564
Wed 03 Mar 2021 10:46:30 AM -03, brave, 0.16, 3, 0.00, 0.70, 20334232, 15542148, 283560, 2002636
Wed 03 Mar 2021 10:46:35 AM -03, brave, 0.16, 3, 0.00, 0.70, 20334232, 15540708, 283592, 2002568
Wed 03 Mar 2021 10:46:40 AM -03, brave, 0.16, 3, 0.00, 0.70, 20334232, 15535596, 283660, 2002860
Wed 03 Mar 2021 10:46:45 AM -03, brave, 0.16, 3, 0.00, 0.70, 20334232, 15540676, 283684, 2002428
Wed 03 Mar 2021 10:46:50 AM -03, brave, 0.16, 3, 0.00, 0.70, 20334232, 15541140, 283732, 2002564
Wed 03 Mar 2021 10:46:55 AM -03, brave, 0.16, 3, 0.00, 0.69, 20334232, 15540292, 283772, 2002568
Wed 03 Mar 2021 10:47:00 AM -03, brave, 0.16, 3, 0.00, 0.69, 20334232, 15542668, 283796, 2003008
Wed 03 Mar 2021 10:47:05 AM -03, brave, 0.16, 3, 0.00, 0.69, 20334232, 15539740, 283828, 2003416
Wed 03 Mar 2021 10:47:10 AM -03, brave, 0.16, 3, 0.00, 0.69, 20334232, 15538864, 283860, 2002656
Wed 03 Mar 2021 10:47:15 AM -03, brave, 0.16, 3, 0.00, 0.69, 20334232, 15537976, 283908, 2002656
Wed 03 Mar 2021 10:47:20 AM -03, brave, 0.16, 3, 0.00, 0.69, 20334232, 15541660, 283932, 2002524
Wed 03 Mar 2021 10:47:25 AM -03, brave, 0.16, 3, 0.00, 0.69, 20334232, 15539684, 283964, 2002588
Wed 03 Mar 2021 10:47:30 AM -03, brave, 0.16, 3, 0.00, 0.69, 20334232, 15540700, 283988, 2002728
Wed 03 Mar 2021 10:47:35 AM -03, brave, 0.16, 3, 0.00, 0.69, 20334232, 15539928, 284020, 2002604
Wed 03 Mar 2021 10:47:40 AM -03, brave, 0.16, 3, 0.00, 0.69, 20334232, 15533912, 284044, 2002620
Wed 03 Mar 2021 10:47:45 AM -03, brave, 0.16, 3, 0.00, 0.69, 20334232, 15537100, 284100, 2002752
Wed 03 Mar 2021 10:47:50 AM -03, brave, 0.16, 3, 0.00, 0.69, 20334232, 15537472, 284140, 2002892
Wed 03 Mar 2021 10:47:55 AM -03, brave, 0.16, 3, 0.00, 0.69, 20334232, 15538764, 284180, 2002892
Wed 03 Mar 2021 10:48:00 AM -03, brave, 0.16, 3, 0.00, 0.69, 20334232, 15534976, 284212, 2001880
Wed 03 Mar 2021 10:48:05 AM -03, brave, 0.16, 3, 0.00, 0.69, 20334232, 15536676, 284252, 2002604
Wed 03 Mar 2021 10:48:10 AM -03, brave, 0.16, 3, 0.00, 0.69, 20334232, 15535328, 284276, 2002760
Wed 03 Mar 2021 10:48:15 AM -03, brave, 0.16, 3, 0.00, 0.69, 20334232, 15537200, 284324, 2002488
Wed 03 Mar 2021 10:48:20 AM -03, brave, 0.16, 3, 0.00, 0.69, 20334232, 15538460, 284372, 2002776
Wed 03 Mar 2021 10:48:25 AM -03, brave, 0.16, 3, 0.00, 0.69, 20334232, 15539116, 284404, 2002776
Wed 03 Mar 2021 10:48:30 AM -03, brave, 0.16, 3, 0.00, 0.69, 20334232, 15539452, 284428, 2002568
Wed 03 Mar 2021 10:48:35 AM -03, brave, 0.16, 3, 0.00, 0.69, 20334232, 15534616, 284436, 2002520
Wed 03 Mar 2021 10:48:40 AM -03, brave, 0.16, 3, 0.00, 0.69, 20334232, 15535388, 284460, 2003012
Wed 03 Mar 2021 10:48:45 AM -03, brave, 0.16, 3, 0.00, 0.69, 20334232, 15538420, 284500, 2003000
Wed 03 Mar 2021 10:48:50 AM -03, brave, 0.16, 2, 0.00, 0.69, 20334232, 15537948, 284564, 2002796
Wed 03 Mar 2021 10:48:55 AM -03, brave, 0.16, 2, 0.00, 0.69, 20334232, 15539476, 284604, 2002796
Wed 03 Mar 2021 10:49:00 AM -03, brave, 0.16, 2, 0.00, 0.69, 20334232, 15539484, 284628, 2003100
Wed 03 Mar 2021 10:49:05 AM -03, brave, 0.16, 2, 0.00, 0.69, 20334232, 15538884, 284652, 2002936
Wed 03 Mar 2021 10:49:10 AM -03, brave, 0.16, 2, 0.00, 0.69, 20334232, 15536232, 284676, 2002812
Wed 03 Mar 2021 10:49:15 AM -03, brave, 0.16, 2, 0.00, 0.69, 20334232, 15535200, 284708, 2002812
Wed 03 Mar 2021 10:49:20 AM -03, brave, 0.16, 2, 0.00, 0.69, 20334232, 15539224, 284764, 2002952
Wed 03 Mar 2021 10:49:25 AM -03, brave, 0.16, 2, 0.00, 0.68, 20334232, 15538216, 284796, 2002952
Wed 03 Mar 2021 10:49:30 AM -03, brave, 0.16, 2, 0.00, 0.68, 20334232, 15537916, 284820, 2002756
Wed 03 Mar 2021 10:49:35 AM -03, brave, 0.16, 2, 0.00, 0.68, 20334232, 15537476, 284852, 2002756
Wed 03 Mar 2021 10:49:40 AM -03, brave, 0.16, 2, 0.00, 0.68, 20334232, 15534688, 284884, 2002896
Wed 03 Mar 2021 10:49:45 AM -03, brave, 0.16, 0, 0.00, 0.68, 20334232, 15533248, 284924, 2002844
Wed 03 Mar 2021 10:49:50 AM -03, brave, 0.16, 0, 0.00, 0.68, 20334232, 15532956, 284972, 2002784
Wed 03 Mar 2021 10:49:55 AM -03, brave, 0.16, 0, 0.00, 0.68, 20334232, 15537532, 285012, 2002648
Wed 03 Mar 2021 10:50:00 AM -03, brave, 0.16, 0, 0.00, 0.68, 20334232, 15535600, 285036, 2003228
Wed 03 Mar 2021 10:50:05 AM -03, brave, 0.16, 0, 0.00, 0.68, 20334232, 15533900, 285068, 2003232
Wed 03 Mar 2021 10:50:10 AM -03, brave, 0.16, 0, 0.00, 0.68, 20334232, 15532608, 285100, 2002860
Wed 03 Mar 2021 10:50:15 AM -03, brave, 0.16, 0, 0.00, 0.68, 20334232, 15537272, 285140, 2002872
Wed 03 Mar 2021 10:50:20 AM -03, brave, 0.16, 0, 0.00, 0.68, 20334232, 15533812, 285188, 2003008
Wed 03 Mar 2021 10:50:25 AM -03, brave, 0.16, 0, 0.00, 0.68, 20334232, 15536892, 285220, 2003012
Wed 03 Mar 2021 10:50:30 AM -03, brave, 0.16, 0, 0.00, 0.68, 20334232, 15535600, 285260, 2002940
Wed 03 Mar 2021 10:50:35 AM -03, brave, 0.16, 0, 0.00, 0.68, 20334232, 15534720, 285292, 2002944
Wed 03 Mar 2021 10:50:41 AM -03, brave, 0.16, 0, 0.00, 0.68, 20334232, 15533844, 285316, 2002888
Wed 03 Mar 2021 10:50:46 AM -03, brave, 0.16, 3, 0.00, 0.68, 20334232, 15537976, 285356, 2002744
Wed 03 Mar 2021 10:50:51 AM -03, brave, 0.16, 3, 0.00, 0.68, 20334232, 15539868, 285420, 2002816
Wed 03 Mar 2021 10:50:56 AM -03, brave, 0.16, 3, 0.00, 0.68, 20334232, 15538208, 285484, 2002820
Wed 03 Mar 2021 10:51:01 AM -03, brave, 0.16, 3, 0.00, 0.68, 20334232, 15540680, 285508, 2003260
Wed 03 Mar 2021 10:51:06 AM -03, brave, 0.16, 3, 0.00, 0.68, 20334232, 15537804, 285540, 2003264
Wed 03 Mar 2021 10:51:11 AM -03, brave, 0.16, 3, 0.00, 0.68, 20334232, 15535780, 285564, 2002832
Wed 03 Mar 2021 10:51:16 AM -03, brave, 0.16, 3, 0.00, 0.68, 20334232, 15537152, 285596, 2002824
Wed 03 Mar 2021 10:51:21 AM -03, brave, 0.16, 3, 0.00, 0.68, 20334232, 15541216, 285652, 2002764
Wed 03 Mar 2021 10:51:26 AM -03, brave, 0.16, 3, 0.00, 0.68, 20334232, 15536956, 285676, 2002756
Wed 03 Mar 2021 10:51:31 AM -03, brave, 0.16, 3, 0.00, 0.68, 20334232, 15538908, 285692, 2003032
Wed 03 Mar 2021 10:51:36 AM -03, brave, 0.16, 3, 0.00, 0.68, 20334232, 15535324, 285724, 2002704
Wed 03 Mar 2021 10:51:41 AM -03, brave, 0.16, 3, 0.00, 0.68, 20334232, 15534032, 285748, 2002964
Wed 03 Mar 2021 10:51:46 AM -03, brave, 0.16, 1, 0.00, 0.68, 20334232, 15538112, 285780, 2002728
Wed 03 Mar 2021 10:51:51 AM -03, brave, 0.16, 1, 0.00, 0.68, 20334232, 15533128, 285844, 2003060
Wed 03 Mar 2021 10:51:56 AM -03, brave, 0.16, 1, 0.00, 0.68, 20334232, 15535420, 285884, 2003068
Wed 03 Mar 2021 10:52:01 AM -03, brave, 0.16, 1, 0.00, 0.67, 20334232, 15534372, 285916, 2003648
Wed 03 Mar 2021 10:52:06 AM -03, brave, 0.16, 1, 0.00, 0.67, 20334232, 15533428, 285940, 2003064
Wed 03 Mar 2021 10:52:11 AM -03, brave, 0.16, 1, 0.00, 0.67, 20334232, 15530268, 285972, 2002800
Wed 03 Mar 2021 10:52:16 AM -03, brave, 0.16, 1, 0.00, 0.67, 20334232, 15537372, 285996, 2002800
Wed 03 Mar 2021 10:52:21 AM -03, brave, 0.16, 1, 0.00, 0.67, 20334232, 15536364, 286044, 2003036
Wed 03 Mar 2021 10:52:26 AM -03, brave, 0.16, 1, 0.00, 0.67, 20334232, 15538512, 286068, 2002804
Wed 03 Mar 2021 10:52:31 AM -03, brave, 0.16, 1, 0.00, 0.67, 20334232, 15536640, 286116, 2002940
Wed 03 Mar 2021 10:52:36 AM -03, brave, 0.16, 1, 0.00, 0.67, 20334232, 15536648, 286148, 2003020
Wed 03 Mar 2021 10:52:41 AM -03, brave, 0.16, 1, 0.00, 0.67, 20334232, 15533748, 286172, 2002828
Wed 03 Mar 2021 10:52:46 AM -03, brave, 0.16, 2, 0.00, 0.67, 20334232, 15533884, 286196, 2002768
Wed 03 Mar 2021 10:52:51 AM -03, brave, 0.16, 2, 0.00, 0.67, 20334232, 15533928, 286220, 2003144
Wed 03 Mar 2021 10:52:56 AM -03, brave, 0.16, 2, 0.00, 0.67, 20334232, 15534088, 286276, 2002696
Wed 03 Mar 2021 10:53:01 AM -03, brave, 0.16, 2, 0.00, 0.67, 20334232, 15534648, 286308, 2003684
Wed 03 Mar 2021 10:53:06 AM -03, brave, 0.16, 2, 0.00, 0.67, 20334232, 15532624, 286356, 2003676
Wed 03 Mar 2021 10:53:11 AM -03, brave, 0.16, 2, 0.00, 0.67, 20334232, 15534332, 286380, 2003040
Wed 03 Mar 2021 10:53:16 AM -03, brave, 0.16, 2, 0.00, 0.67, 20334232, 15535060, 286404, 2002840
Wed 03 Mar 2021 10:53:21 AM -03, brave, 0.16, 2, 0.00, 0.67, 20334232, 15536380, 286436, 2002992
Wed 03 Mar 2021 10:53:26 AM -03, brave, 0.16, 2, 0.00, 0.67, 20334232, 15535544, 286484, 2002996
Wed 03 Mar 2021 10:53:31 AM -03, brave, 0.16, 2, 0.00, 0.67, 20334232, 15533560, 286508, 2002868
Wed 03 Mar 2021 10:53:36 AM -03, brave, 0.16, 2, 0.00, 0.67, 20334232, 15533356, 286540, 2002884
Wed 03 Mar 2021 10:53:41 AM -03, brave, 0.16, 2, 0.00, 0.67, 20334232, 15532340, 286564, 2003168
Wed 03 Mar 2021 10:53:46 AM -03, brave, 0.16, 2, 0.00, 0.67, 20334232, 15533552, 286596, 2002936
Wed 03 Mar 2021 10:53:51 AM -03, brave, 0.16, 2, 0.00, 0.67, 20334232, 15531716, 286644, 2003160
Wed 03 Mar 2021 10:53:56 AM -03, brave, 0.16, 2, 0.00, 0.67, 20334232, 15532584, 286700, 2003148
Wed 03 Mar 2021 10:54:01 AM -03, brave, 0.16, 2, 0.00, 0.67, 20334232, 15532220, 286748, 2003740
Wed 03 Mar 2021 10:54:06 AM -03, brave, 0.16, 2, 0.00, 0.67, 20334232, 15534308, 286748, 2002892
Wed 03 Mar 2021 10:54:11 AM -03, brave, 0.16, 2, 0.00, 0.67, 20334232, 15530312, 286804, 2003032
Wed 03 Mar 2021 10:54:16 AM -03, brave, 0.16, 2, 0.00, 0.67, 20334232, 15535032, 286812, 2003052
Wed 03 Mar 2021 10:54:21 AM -03, brave, 0.16, 2, 0.00, 0.67, 20334232, 15534480, 286860, 2003056
Wed 03 Mar 2021 10:54:26 AM -03, brave, 0.16, 2, 0.00, 0.67, 20334232, 15534124, 286860, 2003056
Wed 03 Mar 2021 10:54:31 AM -03, brave, 0.16, 2, 0.00, 0.67, 20334232, 15536024, 286940, 2003192
Wed 03 Mar 2021 10:54:36 AM -03, brave, 0.16, 2, 0.00, 0.67, 20334232, 15532296, 286948, 2003188
Wed 03 Mar 2021 10:54:41 AM -03, brave, 0.16, 2, 0.00, 0.66, 20334232, 15532440, 287004, 2002868
Wed 03 Mar 2021 10:54:46 AM -03, brave, 0.16, 2, 0.00, 0.66, 20334232, 15533440, 287020, 2002856
Wed 03 Mar 2021 10:54:51 AM -03, brave, 0.16, 2, 0.00, 0.66, 20334232, 15533856, 287052, 2003052
Wed 03 Mar 2021 10:54:56 AM -03, brave, 0.16, 2, 0.00, 0.66, 20334232, 15533124, 287092, 2003080
Wed 03 Mar 2021 10:55:01 AM -03, brave, 0.16, 2, 0.00, 0.66, 20334232, 15534288, 287156, 2003776
Wed 03 Mar 2021 10:55:06 AM -03, brave, 0.16, 2, 0.00, 0.66, 20334232, 15532968, 287188, 2003776
Wed 03 Mar 2021 10:55:12 AM -03, brave, 0.16, 2, 0.00, 0.66, 20334232, 15529956, 287220, 2002940
Wed 03 Mar 2021 10:55:17 AM -03, brave, 0.16, 2, 0.00, 0.66, 20334232, 15534000, 287244, 2002940
Wed 03 Mar 2021 10:55:22 AM -03, brave, 0.16, 2, 0.00, 0.66, 20334232, 15533052, 287276, 2003144
Wed 03 Mar 2021 10:55:27 AM -03, brave, 0.16, 2, 0.00, 0.66, 20334232, 15532952, 287300, 2003144
Wed 03 Mar 2021 10:55:32 AM -03, brave, 0.16, 2, 0.00, 0.66, 20334232, 15533764, 287356, 2002948
Wed 03 Mar 2021 10:55:37 AM -03, brave, 0.16, 2, 0.00, 0.66, 20334232, 15480272, 287380, 2055156
Wed 03 Mar 2021 10:55:42 AM -03, brave, 0.16, 2, 0.00, 0.66, 20334232, 15497708, 287412, 2033504
Wed 03 Mar 2021 10:55:47 AM -03, brave, 0.16, 2, 0.00, 0.66, 20334232, 15500056, 287436, 2033516
Wed 03 Mar 2021 10:55:52 AM -03, brave, 0.16, 2, 0.00, 0.66, 20334232, 15499772, 287468, 2033520
Wed 03 Mar 2021 10:55:57 AM -03, brave, 0.16, 2, 0.00, 0.66, 20334232, 15501632, 287516, 2033520
Wed 03 Mar 2021 10:56:02 AM -03, brave, 0.16, 2, 0.00, 0.66, 20334232, 15498016, 287572, 2034096
Wed 03 Mar 2021 10:56:07 AM -03, brave, 0.16, 2, 0.00, 0.66, 20334232, 15498624, 287596, 2033528
Wed 03 Mar 2021 10:56:12 AM -03, brave, 0.16, 2, 0.00, 0.66, 20334232, 15493268, 287628, 2033536
Wed 03 Mar 2021 10:56:17 AM -03, brave, 0.16, 2, 0.00, 0.66, 20334232, 15500104, 287668, 2033540
Wed 03 Mar 2021 10:56:22 AM -03, brave, 0.16, 2, 0.00, 0.66, 20334232, 15498756, 287700, 2033540
Wed 03 Mar 2021 10:56:27 AM -03, brave, 0.16, 2, 0.00, 0.66, 20334232, 15498992, 287724, 2033544
Wed 03 Mar 2021 10:56:32 AM -03, brave, 0.16, 2, 0.00, 0.66, 20334232, 15497400, 287764, 2033544
Wed 03 Mar 2021 10:56:37 AM -03, brave, 0.16, 2, 0.00, 0.66, 20334232, 15499172, 287804, 2033608
Wed 03 Mar 2021 10:56:42 AM -03, brave, 0.16, 2, 0.00, 0.66, 20334232, 15497620, 287828, 2033556
Wed 03 Mar 2021 10:56:47 AM -03, brave, 0.16, 2, 0.00, 0.66, 20334232, 15498220, 287876, 2033548
Wed 03 Mar 2021 10:56:52 AM -03, brave, 0.15, 2, 0.00, 0.66, 20334232, 15497804, 287916, 2033540
Wed 03 Mar 2021 10:56:57 AM -03, brave, 0.15, 2, 0.00, 0.66, 20334232, 15497472, 287956, 2033552
Wed 03 Mar 2021 10:57:02 AM -03, brave, 0.15, 2, 0.00, 0.66, 20334232, 15499268, 287980, 2033544
Wed 03 Mar 2021 10:57:07 AM -03, brave, 0.15, 2, 0.00, 0.66, 20334232, 15499660, 288028, 2033560
Wed 03 Mar 2021 10:57:12 AM -03, brave, 0.15, 2, 0.00, 0.66, 20334232, 15498544, 288036, 2033568
Wed 03 Mar 2021 10:57:17 AM -03, brave, 0.15, 2, 0.00, 0.66, 20334232, 15497264, 288108, 2033584
Wed 03 Mar 2021 10:57:22 AM -03, brave, 0.15, 2, 0.00, 0.66, 20334232, 15494932, 288116, 2033584
Wed 03 Mar 2021 10:57:27 AM -03, brave, 0.15, 2, 0.00, 0.65, 20334232, 15497440, 288180, 2033572
Wed 03 Mar 2021 10:57:32 AM -03, brave, 0.15, 2, 0.00, 0.65, 20334232, 15497796, 288180, 2033588
Wed 03 Mar 2021 10:57:37 AM -03, brave, 0.15, 2, 0.00, 0.65, 20334232, 15496244, 288236, 2033588
Wed 03 Mar 2021 10:57:42 AM -03, brave, 0.15, 2, 0.00, 0.65, 20334232, 15494024, 288260, 2033608
Wed 03 Mar 2021 10:57:47 AM -03, brave, 0.15, 2, 0.00, 0.65, 20334232, 15495360, 288284, 2033612
Wed 03 Mar 2021 10:57:52 AM -03, brave, 0.15, 2, 0.00, 0.65, 20334232, 15495504, 288324, 2034148
Wed 03 Mar 2021 10:57:57 AM -03, brave, 0.15, 2, 0.00, 0.65, 20334232, 15499368, 288348, 2033616
Wed 03 Mar 2021 10:58:02 AM -03, brave, 0.15, 2, 0.00, 0.65, 20334232, 15497392, 288380, 2034192
Wed 03 Mar 2021 10:58:07 AM -03, brave, 0.15, 2, 0.00, 0.65, 20334232, 15498840, 288420, 2033608
Wed 03 Mar 2021 10:58:12 AM -03, brave, 0.15, 2, 0.00, 0.65, 20334232, 15493368, 288468, 2033616
Wed 03 Mar 2021 10:58:17 AM -03, brave, 0.15, 2, 0.00, 0.65, 20334232, 15494692, 288516, 2033616
Wed 03 Mar 2021 10:58:22 AM -03, brave, 0.15, 2, 0.00, 0.65, 20334232, 15498768, 288540, 2033632
Wed 03 Mar 2021 10:58:27 AM -03, brave, 0.15, 2, 0.00, 0.65, 20334232, 15499920, 288572, 2033636
Wed 03 Mar 2021 10:58:32 AM -03, brave, 0.15, 2, 0.00, 0.65, 20334232, 15499132, 288596, 2033636
Wed 03 Mar 2021 10:58:37 AM -03, brave, 0.15, 2, 0.00, 0.65, 20334232, 15497312, 288620, 2033656
Wed 03 Mar 2021 10:58:42 AM -03, brave, 0.15, 2, 0.00, 0.65, 20334232, 15494868, 288660, 2033664
Wed 03 Mar 2021 10:58:47 AM -03, brave, 0.15, 1, 0.00, 0.65, 20334232, 15493844, 288692, 2033668
Wed 03 Mar 2021 10:58:52 AM -03, brave, 0.15, 1, 0.00, 0.65, 20334232, 15493736, 288756, 2033684
Wed 03 Mar 2021 10:58:57 AM -03, brave, 0.15, 1, 0.00, 0.65, 20334232, 15495060, 288780, 2033944
Wed 03 Mar 2021 10:59:02 AM -03, brave, 0.15, 1, 0.00, 0.65, 20334232, 15490728, 288804, 2034240
Wed 03 Mar 2021 10:59:07 AM -03, brave, 0.15, 1, 0.00, 0.65, 20334232, 15490720, 288844, 2033592
Wed 03 Mar 2021 10:59:12 AM -03, brave, 0.15, 1, 0.00, 0.65, 20334232, 15488216, 288884, 2033676
Wed 03 Mar 2021 10:59:17 AM -03, brave, 0.15, 1, 0.00, 0.65, 20334232, 15493028, 288916, 2033688
Wed 03 Mar 2021 10:59:22 AM -03, brave, 0.15, 1, 0.00, 0.65, 20334232, 15493500, 288940, 2033692
Wed 03 Mar 2021 10:59:27 AM -03, brave, 0.15, 1, 0.00, 0.65, 20334232, 15495192, 288988, 2033692
Wed 03 Mar 2021 10:59:32 AM -03, brave, 0.15, 1, 0.00, 0.65, 20334232, 15493200, 289012, 2033624
Wed 03 Mar 2021 10:59:37 AM -03, brave, 0.15, 1, 0.00, 0.65, 20334232, 15488972, 289060, 2036872
Wed 03 Mar 2021 10:59:42 AM -03, brave, 0.15, 1, 0.00, 0.65, 20334232, 15484324, 289156, 2037148
Wed 03 Mar 2021 10:59:48 AM -03, brave, 0.15, 1, 0.00, 0.65, 20334232, 15490764, 289180, 2034036
Wed 03 Mar 2021 10:59:53 AM -03, brave, 0.15, 1, 0.00, 0.65, 20334232, 15487760, 289220, 2034040
Wed 03 Mar 2021 10:59:58 AM -03, brave, 0.15, 1, 0.00, 0.65, 20334232, 15488900, 289244, 2034040
Wed 03 Mar 2021 11:00:03 AM -03, brave, 0.15, 1, 0.00, 0.65, 20334232, 15488388, 289276, 2034612
Wed 03 Mar 2021 11:00:08 AM -03, brave, 0.15, 1, 0.00, 0.65, 20334232, 15490672, 289364, 2034044
Wed 03 Mar 2021 11:00:13 AM -03, brave, 0.15, 1, 0.00, 0.65, 20334232, 15486828, 289372, 2034008
Wed 03 Mar 2021 11:00:18 AM -03, brave, 0.15, 1, 0.00, 0.64, 20334232, 15494760, 289460, 2034008
Wed 03 Mar 2021 11:00:23 AM -03, brave, 0.15, 1, 0.00, 0.64, 20334232, 15492260, 289492, 2034068
Wed 03 Mar 2021 11:00:28 AM -03, brave, 0.15, 1, 0.00, 0.64, 20334232, 15493640, 289524, 2034012
Wed 03 Mar 2021 11:00:33 AM -03, brave, 0.15, 1, 0.00, 0.64, 20334232, 15490836, 289556, 2034008
Wed 03 Mar 2021 11:00:38 AM -03, brave, 0.15, 1, 0.00, 0.64, 20334232, 15491372, 289604, 2034080
Wed 03 Mar 2021 11:00:43 AM -03, brave, 0.15, 1, 0.00, 0.64, 20334232, 15490796, 289612, 2034024
Wed 03 Mar 2021 11:00:48 AM -03, brave, 0.15, 1, 0.00, 0.64, 20334232, 15490764, 289684, 2033944
Wed 03 Mar 2021 11:00:53 AM -03, brave, 0.15, 1, 0.00, 0.64, 20334232, 15492096, 289724, 2034016
Wed 03 Mar 2021 11:00:58 AM -03, brave, 0.15, 1, 0.00, 0.64, 20334232, 15492680, 289732, 2034016
Wed 03 Mar 2021 11:01:03 AM -03, brave, 0.15, 1, 0.00, 0.64, 20334232, 15489600, 289756, 2034596
Wed 03 Mar 2021 11:01:08 AM -03, brave, 0.15, 1, 0.00, 0.64, 20334232, 15491992, 289796, 2033960
Wed 03 Mar 2021 11:01:13 AM -03, brave, 0.15, 1, 0.00, 0.64, 20334232, 15492364, 289820, 2034032
Wed 03 Mar 2021 11:01:18 AM -03, brave, 0.15, 1, 0.00, 0.64, 20334232, 15491000, 289860, 2034012
Wed 03 Mar 2021 11:01:23 AM -03, brave, 0.15, 1, 0.00, 0.64, 20334232, 15413980, 289892, 2110220
Wed 03 Mar 2021 11:01:28 AM -03, brave, 0.15, 1, 0.00, 0.64, 20334232, 15443324, 289924, 2080632
Wed 03 Mar 2021 11:01:33 AM -03, brave, 0.15, 1, 0.00, 0.64, 20334232, 15493336, 289964, 2020072
Wed 03 Mar 2021 11:01:38 AM -03, brave, 0.15, 1, 0.00, 0.64, 20334232, 15505188, 289988, 2004232
Wed 03 Mar 2021 11:01:43 AM -03, brave, 0.15, 1, 0.00, 0.64, 20334232, 15504536, 290032, 2003244
Wed 03 Mar 2021 11:01:48 AM -03, brave, 0.15, 1, 0.00, 0.64, 20334232, 15503796, 290056, 2004312
Wed 03 Mar 2021 11:01:53 AM -03, brave, 0.15, 1, 0.00, 0.64, 20334232, 15448164, 290120, 2048072
Wed 03 Mar 2021 11:01:58 AM -03, brave, 0.15, 1, 0.00, 0.64, 20334232, 15481264, 290160, 2023148
Wed 03 Mar 2021 11:02:03 AM -03, brave, 0.15, 1, 0.00, 0.64, 20334232, 15498512, 290224, 2007424
Wed 03 Mar 2021 11:02:08 AM -03, brave, 0.15, 1, 0.00, 0.64, 20334232, 15499400, 290280, 2007084
Wed 03 Mar 2021 11:02:13 AM -03, brave, 0.15, 1, 0.00, 0.64, 20334232, 15499984, 290328, 2005908
Wed 03 Mar 2021 11:02:18 AM -03, brave, 0.15, 1, 0.00, 0.64, 20334232, 15496524, 290392, 2006988
Wed 03 Mar 2021 11:02:23 AM -03, brave, 0.15, 1, 0.00, 0.64, 20334232, 15500440, 290448, 2005900
